Year,Country,Origin,Refugees,Asylum-seekers (pending cases),Returned refugees,Internally displaced persons (IDPs),Returned IDPs,Stateless persons,Others of concern,Total Population
2005,Austria,Afghanistan,2991,,25,,,,,3016
2005,Austria,Eritrea,21,,,,,,,21
2005,Austria,Gambia,12,,,,,,,12
2005,Austria,Iran (Islamic Rep. of),1589,,,,,,,1589
2005,Austria,Iraq,1224,,,,,,,1224
2005,Austria,Russian Federation,6438,,,,,,,6438
2005,Austria,Somalia,146,,,,,,,146
2005,Austria,Serbia and Kosovo (S/RES/1244 (1999)),5091,,257,,,,,5348
2005,Austria,Syrian Arab Rep.,122,,,,,,,122
2005,Belgium,Afghanistan,381,106,11,,,,,498
2005,Belgium,Eritrea,1,28,,,,,,29
2005,Belgium,Gambia,,5,,,,,,5
2005,Belgium,Iran (Islamic Rep. of),327,882,,,,,,1209
2005,Belgium,Iraq,231,1038,,,,,,1269
2005,Belgium,Mali,,9,,,,,,9
2005,Belgium,Russian Federation,3899,1614,,,,,,5513
2005,Belgium,Somalia,108,99,,,,,,207
2005,Belgium,Serbia and Kosovo (S/RES/1244 (1999)),1889,689,144,,,,,2722
2005,Belgium,Syrian Arab Rep.,115,409,,,,,,524
2005,Germany,Afghanistan,31055,5081,197,,,,,36333
2005,Germany,Eritrea,2746,1135,,,,,,3881
2005,Germany,Gambia,1041,113,,,,,,1154
2005,Germany,Iran (Islamic Rep. of),24016,4883,,,,,,28899
2005,Germany,Iraq,52922,5690,,,,,,58612
2005,Germany,Mali,134,27,,,,,,161
2005,Germany,Russian Federation,41732,4900,,,,,,46632
2005,Germany,Somalia,2903,284,,,,,,3187
2005,Germany,Serbia and Kosovo (S/RES/1244 (1999)),99789,11968,2480,,,,,114237
2005,Germany,Syrian Arab Rep.,10469,2888,,,,,,13357
2005,Denmark,Afghanistan,6381,80,65,,,,,6526
2005,Denmark,Eritrea,56,8,,,,,,64
2005,Denmark,Iran (Islamic Rep. of),1755,42,,,,,,1797
2005,Denmark,Iraq,10667,61,,,,,,10728
2005,Denmark,Russian Federation,466,19,,,,,,485
2005,Denmark,Somalia,6648,26,,,,,,6674
2005,Denmark,Serbia and Kosovo (S/RES/1244 (1999)),4771,53,51,,,,,4875
2005,Denmark,Syrian Arab Rep.,188,12,,,,,,200
2005,Spain,Afghanistan,87,,,,,,,87
2005,Spain,Eritrea,5,,,,,,,5
2005,Spain,Gambia,12,,,,,,,12
2005,Spain,Iran (Islamic Rep. of),99,,,,,,,99
2005,Spain,Iraq,242,,,,,,,242
2005,Spain,Russian Federation,483,,,,,,,483
2005,Spain,Somalia,146,,,,,,,146
2005,Spain,Serbia and Kosovo (S/RES/1244 (1999)),81,,9,,,,,90
2005,Spain,Syrian Arab Rep.,21,,,,,,,21
2005,Finland,Afghanistan,1604,,1,,,,,1605
2005,Finland,Eritrea,50,,,,,,,50
2005,Finland,Iran (Islamic Rep. of),1683,,,,,,,1683
2005,Finland,Iraq,1648,,,,,,,1648
2005,Finland,Russian Federation,232,,,,,,,232
2005,Finland,Somalia,1008,,,,,,,1008
2005,Finland,Serbia and Kosovo (S/RES/1244 (1999)),1296,,116,,,,,1412
2005,Finland,Syrian Arab Rep.,39,,,,,,,39
2005,France,Afghanistan,1228,,7,,,,,1235
2005,France,Eritrea,63,,,,,,,63
2005,France,Gambia,44,,,,,,,44
2005,France,Iran (Islamic Rep. of),1634,,,,,,,1634
2005,France,Iraq,1319,,,,,,,1319
2005,France,Mali,129,,,,,,,129
2005,France,Russian Federation,5292,,,,,,,5292
2005,France,Somalia,587,,,,,,,587
2005,France,Serbia and Kosovo (S/RES/1244 (1999)),6988,,71,,,,,7059
2005,France,Syrian Arab Rep.,213,,,,,,,213
2005,United Kingdom,Afghanistan,22532,,354,,,,,22886
2005,United Kingdom,Eritrea,3617,,,,,,,3617
2005,United Kingdom,Gambia,202,,,,,,,202
2005,United Kingdom,Iran (Islamic Rep. of),9039,,,,,,,9039
2005,United Kingdom,Iraq,22363,,,,,,,22363
2005,United Kingdom,Mali,4,,,,,,,4
2005,United Kingdom,Russian Federation,1886,,,,,,,1886
2005,United Kingdom,Somalia,36319,,,,,,,36319
2005,United Kingdom,Serbia and Kosovo (S/RES/1244 (1999)),19717,,336,,,,,20053
2005,United Kingdom,Syrian Arab Rep.,208,,,,,,,208
2005,Hungary,Afghanistan,2376,9,,,,,,2385
2005,Hungary,Eritrea,3,,,,,,,3
2005,Hungary,Gambia,,1,,,,,,1
2005,Hungary,Iran (Islamic Rep. of),153,6,,,,,,159
2005,Hungary,Iraq,1252,3,,,,,,1255
2005,Hungary,Russian Federation,129,10,,,,,,139
2005,Hungary,Somalia,155,1,,,,,,156
2005,Hungary,Serbia and Kosovo (S/RES/1244 (1999)),2388,56,143,,,,,2587
2005,Hungary,Syrian Arab Rep.,44,5,,,,,,49
2005,Ireland,Afghanistan,77,,,,,,,77
2005,Ireland,Eritrea,48,,,,,,,48
2005,Ireland,Gambia,5,,,,,,,5
2005,Ireland,Iran (Islamic Rep. of),162,,,,,,,162
2005,Ireland,Iraq,257,,,,,,,257
2005,Ireland,Russian Federation,287,,,,,,,287
2005,Ireland,Somalia,309,,,,,,,309
2005,Ireland,Serbia and Kosovo (S/RES/1244 (1999)),368,,1,,,,,369
2005,Ireland,Syrian Arab Rep.,27,,,,,,,27
2005,Netherlands,Afghanistan,25086,1478,206,,,,,26770
2005,Netherlands,Eritrea,494,179,,,,,,673
2005,Netherlands,Gambia,7,7,,,,,,14
2005,Netherlands,Iran (Islamic Rep. of),5573,688,,,,,,6261
2005,Netherlands,Iraq,26618,1818,,,,,,28436
2005,Netherlands,Mali,9,6,,,,,,15
2005,Netherlands,Russian Federation,1466,350,,,,,,1816
2005,Netherlands,Somalia,10715,674,,,,,,11389
2005,Netherlands,Serbia and Kosovo (S/RES/1244 (1999)),3236,506,133,,,,,3875
2005,Netherlands,Syrian Arab Rep.,1674,336,,,,,,2010
2005,Poland,Afghanistan,87,,,,,,,87
2005,Poland,Eritrea,1,,,,,,,1
2005,Poland,Iran (Islamic Rep. of),9,,,,,,,9
2005,Poland,Iraq,47,,,,,,,47
2005,Poland,Russian Federation,3785,1503,,,,,,5288
2005,Poland,Somalia,157,,,,,,,157
2005,Poland,Serbia and Kosovo (S/RES/1244 (1999)),16,,1,,,,,17
2005,Poland,Syrian Arab Rep.,6,7,,,,,,13
2005,Portugal,Afghanistan,5,,,,,,,5
2005,Portugal,Gambia,1,,,,,,,1
2005,Portugal,Iran (Islamic Rep. of),1,,,,,,,1
2005,Portugal,Iraq,4,,,,,,,4
2005,Portugal,Russian Federation,1,,,,,,,1
2005,Portugal,Serbia and Kosovo (S/RES/1244 (1999)),1,,,,,,,1
2005,Sweden,Afghanistan,4264,699,6,,,,,4969
2005,Sweden,Eritrea,822,590,,,,,,1412
2005,Sweden,Gambia,9,6,,,,,,15
2005,Sweden,Iran (Islamic Rep. of),5016,844,,,,,,5860
2005,Sweden,Iraq,21046,2136,,,,,,23182
2005,Sweden,Mali,2,6,,,,,,8
2005,Sweden,Russian Federation,1178,535,,,,,,1713
2005,Sweden,Somalia,3486,992,,,,,,4478
2005,Sweden,Serbia and Kosovo (S/RES/1244 (1999)),11953,2260,355,,,,,14568
2005,Sweden,Syrian Arab Rep.,1032,367,,,,,,1399
2006,Austria,Afghanistan,3664,1575,22,,,,,5261
2006,Austria,Eritrea,24,13,,,,,,37
2006,Austria,Gambia,19,306,,,,,,325
2006,Austria,Iran (Islamic Rep. of),1679,855,,,,,,2534
2006,Austria,Iraq,1179,643,,,,,,1822
2006,Austria,Mali,1,43,,,,,,44
2006,Austria,Russian Federation,8723,6977,,,,,,15700
2006,Austria,Somalia,266,176,,,,,,442
2006,Austria,Serbia and Kosovo (S/RES/1244 (1999)),5485,6532,492,,,,,12509
2006,Austria,Syrian Arab Rep.,167,290,,,,,,457
2006,Belgium,Afghanistan,226,17,6,,,,,249
2006,Belgium,Eritrea,5,14,,,,,,19
2006,Belgium,Gambia,,2,,,,,,2
2006,Belgium,Iran (Islamic Rep. of),379,432,,,,,,811
2006,Belgium,Iraq,253,736,,,,,,989
2006,Belgium,Mali,,6,,,,,,6
2006,Belgium,Russian Federation,5425,730,,,,,,6155
2006,Belgium,Somalia,111,58,,,,,,169
2006,Belgium,Serbia and Kosovo (S/RES/1244 (1999)),1606,294,155,,,,,2055
2006,Belgium,Syrian Arab Rep.,100,153,,,,,,253
2006,Germany,Afghanistan,21879,3999,172,,,,,26050
2006,Germany,Eritrea,2276,860,,,,,,3136
2006,Germany,Gambia,137,140,,,,,,277
2006,Germany,Iran (Islamic Rep. of),13213,3924,,,,,,17137
2006,Germany,Iraq,36205,5228,,,,,,41433
2006,Germany,Mali,43,19,,,,,,62
2006,Germany,Russian Federation,25347,3521,,,,,,28868
2006,Germany,Somalia,2165,269,,,,,,2434
2006,Germany,Serbia and Kosovo (S/RES/1244 (1999)),75211,7685,2772,,,,,85668
2006,Germany,Syrian Arab Rep.,5845,2117,,,,,,7962
2006,Denmark,Afghanistan,6306,61,5,,,,,6372
2006,Denmark,Eritrea,55,7,,,,,,62
2006,Denmark,Iran (Islamic Rep. of),1617,43,,,,,,1660
2006,Denmark,Iraq,9902,52,,,,,,9954
2006,Denmark,Russian Federation,485,12,,,,,,497
2006,Denmark,Somalia,5100,23,,,,,,5123
2006,Denmark,Serbia and Kosovo (S/RES/1244 (1999)),3075,28,146,,,,,3249
2006,Denmark,Syrian Arab Rep.,213,11,,,,,,224
2006,Spain,Afghanistan,74,,,,,,,74
2006,Spain,Eritrea,5,,,,,,,5
2006,Spain,Gambia,11,,,,,,,11
2006,Spain,Iran (Islamic Rep. of),85,,,,,,,85
2006,Spain,Iraq,245,,,,,,,245
2006,Spain,Russian Federation,492,,,,,,,492
2006,Spain,Somalia,147,,,,,,,147
2006,Spain,Serbia and Kosovo (S/RES/1244 (1999)),81,,15,,,,,96
2006,Spain,Syrian Arab Rep.,21,,,,,,,21
2006,Finland,Afghanistan,1883,59,2,,,,,1944
2006,Finland,Eritrea,49,2,,,,,,51
2006,Finland,Gambia,1,17,,,,,,18
2006,Finland,Iran (Islamic Rep. of),1806,59,,,,,,1865
2006,Finland,Iraq,1679,128,,,,,,1807
2006,Finland,Mali,,4,,,,,,4
2006,Finland,Russian Federation,277,84,,,,,,361
2006,Finland,Somalia,1042,116,,,,,,1158
2006,Finland,Serbia and Kosovo (S/RES/1244 (1999)),1321,142,47,,,,,1510
2006,Finland,Syrian Arab Rep.,42,12,,,,,,54
2006,France,Afghanistan,1238,,4,,,,,1242
2006,France,Eritrea,104,,,,,,,104
2006,France,Gambia,45,,,,,,,45
2006,France,Iran (Islamic Rep. of),1617,,,,,,,1617
2006,France,Iraq,1318,,,,,,,1318
2006,France,Mali,163,,,,,,,163
2006,France,Russian Federation,5945,,,,,,,5945
2006,France,Somalia,612,,,,,,,612
2006,France,Serbia and Kosovo (S/RES/1244 (1999)),7334,,160,,,,,7494
2006,France,Syrian Arab Rep.,216,,,,,,,216
2006,United Kingdom,Afghanistan,23069,,523,,,,,23592
2006,United Kingdom,Eritrea,4901,,,,,,,4901
2006,United Kingdom,Gambia,200,,,,,,,200
2006,United Kingdom,Iran (Islamic Rep. of),9566,,7,,,,,9573
2006,United Kingdom,Iraq,21984,,103,,,,,22087
2006,United Kingdom,Mali,4,,,,,,,4
2006,United Kingdom,Russian Federation,1970,,,,,,,1970
2006,United Kingdom,Somalia,34138,,7,,,,,34145
2006,United Kingdom,Serbia and Kosovo (S/RES/1244 (1999)),18331,,189,,,,,18520
2006,United Kingdom,Syrian Arab Rep.,286,,,,,,,286
2006,Hungary,Afghanistan,2357,4,,,,,,2361
2006,Hungary,Eritrea,3,,,,,,,3
2006,Hungary,Gambia,,1,,,,,,1
2006,Hungary,Iran (Islamic Rep. of),160,7,,,,,,167
2006,Hungary,Iraq,1235,17,,,,,,1252
2006,Hungary,Russian Federation,134,9,,,,,,143
2006,Hungary,Somalia,181,5,,,,,,186
2006,Hungary,Serbia and Kosovo (S/RES/1244 (1999)),2359,88,109,,,,,2556
2006,Hungary,Syrian Arab Rep.,46,14,,,,,,60
2006,Ireland,Afghanistan,99,112,,,,,,211
2006,Ireland,Eritrea,55,35,,,,,,90
2006,Ireland,Gambia,6,5,,,,,,11
2006,Ireland,Iran (Islamic Rep. of),365,137,,,,,,502
2006,Ireland,Iraq,338,119,,,,,,457
2006,Ireland,Mali,,2,,,,,,2
2006,Ireland,Russian Federation,292,56,,,,,,348
2006,Ireland,Somalia,408,161,,,,,,569
2006,Ireland,Serbia and Kosovo (S/RES/1244 (1999)),376,42,2,,,,,420
2006,Ireland,Syrian Arab Rep.,29,12,,,,,,41
2006,Netherlands,Afghanistan,21357,1293,162,,,,,22812
2006,Netherlands,Eritrea,690,106,,,,,,796
2006,Netherlands,Gambia,6,5,,,,,,11
2006,Netherlands,Iran (Islamic Rep. of),4344,1010,,,,,,5354
2006,Netherlands,Iraq,21782,1947,,,,,,23729
2006,Netherlands,Mali,7,3,,,,,,10
2006,Netherlands,Russian Federation,1362,219,,,,,,1581
2006,Netherlands,Somalia,8086,712,,,,,,8798
2006,Netherlands,Serbia and Kosovo (S/RES/1244 (1999)),2634,790,146,,,,,3570
2006,Netherlands,Syrian Arab Rep.,1559,362,,,,,,1921
2006,Poland,Afghanistan,79,,,,,,,79
2006,Poland,Eritrea,1,1,,,,,,2
2006,Poland,Gambia,,2,,,,,,2
2006,Poland,Iran (Islamic Rep. of),8,,,,,,,8
2006,Poland,Iraq,56,23,,,,,,79
2006,Poland,Russian Federation,6024,1771,,,,,,7795
2006,Poland,Somalia,135,4,,,,,,139
2006,Poland,Serbia and Kosovo (S/RES/1244 (1999)),13,7,1,,,,,21
2006,Poland,Syrian Arab Rep.,7,2,,,,,,9
2006,Portugal,Afghanistan,5,,,,,,,5
2006,Portugal,Eritrea,4,,,,,,,4
2006,Portugal,Gambia,1,,,,,,,1
2006,Portugal,Iran (Islamic Rep. of),1,,,,,,,1
2006,Portugal,Iraq,4,,,,,,,4
2006,Portugal,Russian Federation,4,,,,,,,4
2006,Portugal,Serbia and Kosovo (S/RES/1244 (1999)),2,,,,,,,2
2006,Sweden,Afghanistan,4278,591,,,,,,4869
2006,Sweden,Eritrea,1051,589,,,,,,1640
2006,Sweden,Gambia,18,11,,,,,,29
2006,Sweden,Iran (Islamic Rep. of),5205,616,,,,,,5821
2006,Sweden,Iraq,23852,5712,,,,,,29564
2006,Sweden,Mali,2,2,,,,,,4
2006,Sweden,Russian Federation,1493,515,,,,,,2008
2006,Sweden,Somalia,4066,489,,,,,,4555
2006,Sweden,Serbia and Kosovo (S/RES/1244 (1999)),12000,1406,255,,,,,13661
2006,Sweden,Syrian Arab Rep.,1065,462,,,,,,1527
2007,Austria,Afghanistan,4191,1544,2,,,,,5737
2007,Austria,Eritrea,29,17,,,,,,46
2007,Austria,Gambia,24,268,,,,,,292
2007,Austria,Iran (Islamic Rep. of),1929,661,,,,,,2590
2007,Austria,Iraq,1366,636,,,,,,2002
2007,Austria,Mali,,33,,,,,,33
2007,Austria,Russian Federation,11571,5561,,,,,,17132
2007,Austria,Somalia,456,318,,,,,,774
2007,Austria,Serbia and Kosovo (S/RES/1244 (1999)),5783,5331,250,,,,,11364
2007,Austria,Syrian Arab Rep.,255,326,,,,,,581
2007,Belgium,Afghanistan,151,0,6,,,,,157
2007,Belgium,Eritrea,11,0,,,,,,11
2007,Belgium,Iran (Islamic Rep. of),347,0,,,,,,347
2007,Belgium,Iraq,292,0,,,,,,292
2007,Belgium,Mali,1,0,,,,,,1
2007,Belgium,Russian Federation,5150,0,,,,,,5150
2007,Belgium,Somalia,94,0,,,,,,94
2007,Belgium,Serbia and Kosovo (S/RES/1244 (1999)),1320,0,11,,,,,1331
2007,Belgium,Syrian Arab Rep.,114,0,,,,,,114
2007,Germany,Afghanistan,24236,2223,46,,,,,26505
2007,Germany,Eritrea,2993,436,,,,,,3429
2007,Germany,Gambia,115,115,,,,,,230
2007,Germany,Iran (Islamic Rep. of),15123,2463,,,,,,17586
2007,Germany,Iraq,34731,5153,,,,,,39884
2007,Germany,Mali,42,12,,,,,,54
2007,Germany,Russian Federation,30424,2295,,,,,,32719
2007,Germany,Somalia,2227,155,,,,,,2382
2007,Germany,Serbia and Kosovo (S/RES/1244 (1999)),91616,3975,84,,,,,95675
2007,Germany,Syrian Arab Rep.,6996,1414,,,,,,8410
2007,Denmark,Afghanistan,5378,58,4,,,,,5440
2007,Denmark,Eritrea,15,2,,,,,,17
2007,Denmark,Gambia,,1,,,,,,1
2007,Denmark,Iran (Islamic Rep. of),771,46,,,,,,817
2007,Denmark,Iraq,8376,154,,,,,,8530
2007,Denmark,Russian Federation,489,40,,,,,,529
2007,Denmark,Somalia,3359,5,,,,,,3364
2007,Denmark,Serbia and Kosovo (S/RES/1244 (1999)),3030,22,12,,,,,3064
2007,Denmark,Syrian Arab Rep.,218,43,,,,,,261
2007,Spain,Afghanistan,69,0,,,,,,69
2007,Spain,Eritrea,14,0,,,,,,14
2007,Spain,Gambia,11,0,,,,,,11
2007,Spain,Iran (Islamic Rep. of),71,0,,,,,,71
2007,Spain,Iraq,240,0,,,,,,240
2007,Spain,Russian Federation,508,0,,,,,,508
2007,Spain,Somalia,127,0,,,,,,127
2007,Spain,Serbia and Kosovo (S/RES/1244 (1999)),77,0,,,,,,77
2007,Spain,Syrian Arab Rep.,21,0,,,,,,21
2007,Finland,Afghanistan,517,44,6,,,,,567
2007,Finland,Eritrea,3,1,,,,,,4
2007,Finland,Gambia,8,3,,,,,,11
2007,Finland,Iran (Islamic Rep. of),238,38,,,,,,276
2007,Finland,Iraq,992,145,,,,,,1137
2007,Finland,Russian Federation,301,78,,,,,,379
2007,Finland,Somalia,1178,53,,,,,,1231
2007,Finland,Serbia and Kosovo (S/RES/1244 (1999)),1133,77,2,,,,,1212
2007,Finland,Syrian Arab Rep.,46,5,,,,,,51
2007,France,Afghanistan,1273,0,4,,,,,1277
2007,France,Eritrea,162,0,,,,,,162
2007,France,Gambia,44,0,,,,,,44
2007,France,Iran (Islamic Rep. of),1633,0,,,,,,1633
2007,France,Iraq,1397,0,,,,,,1397
2007,France,Mali,378,0,,,,,,378
2007,France,Russian Federation,6613,0,,,,,,6613
2007,France,Somalia,650,0,,,,,,650
2007,France,Serbia and Kosovo (S/RES/1244 (1999)),7848,0,68,,,,,7916
2007,France,Syrian Arab Rep.,217,0,,,,,,217
2007,United Kingdom,Afghanistan,23565,0,387,,,,,23952
2007,United Kingdom,Eritrea,6427,0,,,,,,6427
2007,United Kingdom,Gambia,233,0,,,,,,233
2007,United Kingdom,Iran (Islamic Rep. of),10227,0,,,,,,10227
2007,United Kingdom,Iraq,22021,0,18,,,,,22039
2007,United Kingdom,Mali,4,0,,,,,,4
2007,United Kingdom,Russian Federation,1982,0,,,,,,1982
2007,United Kingdom,Somalia,33659,0,1,,,,,33660
2007,United Kingdom,Serbia and Kosovo (S/RES/1244 (1999)),16237,0,6,,,,,16243
2007,United Kingdom,Syrian Arab Rep.,364,0,,,,,,364
2007,Hungary,Afghanistan,2293,19,3,,,,,2315
2007,Hungary,Eritrea,3,1,,,,,,4
2007,Hungary,Iran (Islamic Rep. of),164,3,,,,,,167
2007,Hungary,Iraq,1272,33,,,,,,1305
2007,Hungary,Russian Federation,137,8,,,,,,145
2007,Hungary,Somalia,210,63,,,,,,273
2007,Hungary,Serbia and Kosovo (S/RES/1244 (1999)),2329,500,27,,,,,2856
2007,Hungary,Syrian Arab Rep.,42,26,,,,,,68
2007,Ireland,Afghanistan,106,118,1,,,,,225
2007,Ireland,Eritrea,85,51,,,,,,136
2007,Ireland,Gambia,7,7,,,,,,14
2007,Ireland,Iran (Islamic Rep. of),151,114,,,,,,265
2007,Ireland,Iraq,532,206,,,,,,738
2007,Ireland,Mali,,3,,,,,,3
2007,Ireland,Russian Federation,265,64,,,,,,329
2007,Ireland,Somalia,672,161,,,,,,833
2007,Ireland,Serbia and Kosovo (S/RES/1244 (1999)),352,50,,,,,,402
2007,Ireland,Syrian Arab Rep.,34,13,,,,,,47
2007,Netherlands,Afghanistan,17296,0,21,,,,,17317
2007,Netherlands,Eritrea,777,0,,,,,,777
2007,Netherlands,Gambia,10,0,,,,,,10
2007,Netherlands,Iran (Islamic Rep. of),3396,0,,,,,,3396
2007,Netherlands,Iraq,19234,0,,,,,,19234
2007,Netherlands,Mali,7,0,,,,,,7
2007,Netherlands,Russian Federation,1265,0,,,,,,1265
2007,Netherlands,Somalia,7919,0,,,,,,7919
2007,Netherlands,Serbia and Kosovo (S/RES/1244 (1999)),2149,0,3,,,,,2152
2007,Netherlands,Syrian Arab Rep.,1421,0,,,,,,1421
2007,Poland,Afghanistan,76,3,1,,,,,80
2007,Poland,Eritrea,2,0,,,,,,2
2007,Poland,Gambia,,3,,,,,,3
2007,Poland,Iran (Islamic Rep. of),6,3,,,,,,9
2007,Poland,Iraq,50,3,,,,,,53
2007,Poland,Russian Federation,9355,5653,,,,,,15008
2007,Poland,Somalia,64,12,,,,,,76
2007,Poland,Serbia and Kosovo (S/RES/1244 (1999)),11,0,,,,,,11
2007,Poland,Syrian Arab Rep.,8,4,,,,,,12
2007,Portugal,Afghanistan,6,0,,,,,,6
2007,Portugal,Eritrea,4,,,,,,,4
2007,Portugal,Gambia,1,,,,,,,1
2007,Portugal,Iran (Islamic Rep. of),1,0,,,,,,1
2007,Portugal,Iraq,5,0,,,,,,5
2007,Portugal,Russian Federation,5,0,,,,,,5
2007,Portugal,Serbia and Kosovo (S/RES/1244 (1999)),2,,,,,,,2
2007,Sweden,Afghanistan,2611,624,11,,,,,3246
2007,Sweden,Eritrea,1521,773,,,,,,2294
2007,Sweden,Gambia,9,19,,,,,,28
2007,Sweden,Iran (Islamic Rep. of),1934,756,,,,,,2690
2007,Sweden,Iraq,30423,11382,,,,,,41805
2007,Sweden,Mali,2,1,,,,,,3
2007,Sweden,Russian Federation,1488,648,,,,,,2136
2007,Sweden,Somalia,5332,1943,,,,,,7275
2007,Sweden,Serbia and Kosovo (S/RES/1244 (1999)),9589,2221,39,,,,,11849
2007,Sweden,Syrian Arab Rep.,1081,544,,,,,,1625
2008,Austria,Afghanistan,5387,2016,8,,,,,7411
2008,Austria,Eritrea,34,28,,,,,,62
2008,Austria,Gambia,33,214,,,,,,247
2008,Austria,Iran (Islamic Rep. of),2112,586,,,,,,2698
2008,Austria,Iraq,1972,745,,,,,,2717
2008,Austria,Mali,1,24,,,,,,25
2008,Austria,Russian Federation,14122,5312,,,,,,19434
2008,Austria,Somalia,630,417,,,,,,1047
2008,Austria,Serbia and Kosovo (S/RES/1244 (1999)),6218,4687,252,,,,,11157
2008,Austria,Syrian Arab Rep.,333,357,,,,,,690
2008,Belgium,Afghanistan,196,0,15,,,,,211
2008,Belgium,Eritrea,16,0,,,,,,16
2008,Belgium,Iran (Islamic Rep. of),305,0,,,,,,305
2008,Belgium,Iraq,494,0,,,,,,494
2008,Belgium,Mali,5,0,,,,,,5
2008,Belgium,Russian Federation,3981,0,,,,,,3981
2008,Belgium,Somalia,89,0,,,,,,89
2008,Belgium,Serbia and Kosovo (S/RES/1244 (1999)),1172,0,9,,,,,1181
2008,Belgium,Syrian Arab Rep.,152,0,,,,,,152
2008,Germany,Afghanistan,25108,1729,32,,,,1632,28501
2008,Germany,Eritrea,3480,351,,,,,,3831
2008,Germany,Gambia,114,191,,,,,,305
2008,Germany,Iran (Islamic Rep. of),15816,2388,,,,,,18204
2008,Germany,Iraq,38854,5801,,,,,,44655
2008,Germany,Iraq,,,,,,,7763,7763
2008,Germany,Mali,43,10,,,,,,53
2008,Germany,Russian Federation,35505,1812,,,,,,37317
2008,Germany,Somalia,2190,165,,,,,,2355
2008,Germany,Serbia and Kosovo (S/RES/1244 (1999)),98787,3460,100,,,,,102347
2008,Germany,Serbia and Kosovo (S/RES/1244 (1999)),,,,,,,11500,11500
2008,Germany,Syrian Arab Rep.,8205,1418,,,,,,9623
2008,Denmark,Afghanistan,5214,82,1,,,,,5297
2008,Denmark,Eritrea,18,3,,,,,,21
2008,Denmark,Iran (Islamic Rep. of),805,47,,,,,,852
2008,Denmark,Iraq,7102,125,,,,,,7227
2008,Denmark,Mali,,1,,,,,,1
2008,Denmark,Russian Federation,587,38,,,,,,625
2008,Denmark,Somalia,2483,2,,,,,,2485
2008,Denmark,Serbia and Kosovo (S/RES/1244 (1999)),2936,21,2,,,,,2959
2008,Denmark,Syrian Arab Rep.,272,30,,,,,,302
2008,Spain,Afghanistan,69,0,,,,,,69
2008,Spain,Eritrea,15,0,,,,,,15
2008,Spain,Gambia,2,0,,,,,,2
2008,Spain,Iran (Islamic Rep. of),52,0,,,,,,52
2008,Spain,Iraq,269,0,,,,,,269
2008,Spain,Russian Federation,507,0,,,,,,507
2008,Spain,Somalia,116,0,,,,,,116
2008,Spain,Serbia and Kosovo (S/RES/1244 (1999)),73,0,1,,,,,74
2008,Spain,Syrian Arab Rep.,34,0,,,,,,34
2008,Finland,Afghanistan,578,213,,,,,,791
2008,Finland,Eritrea,4,3,,,,,,7
2008,Finland,Gambia,8,6,,,,,,14
2008,Finland,Iran (Islamic Rep. of),260,109,,,,,,369
2008,Finland,Iraq,1206,872,,,,,,2078
2008,Finland,Russian Federation,347,98,,,,,,445
2008,Finland,Somalia,1219,914,,,,,,2133
2008,Finland,Serbia and Kosovo (S/RES/1244 (1999)),1064,86,1,,,,,1151
2008,Finland,Syrian Arab Rep.,50,15,,,,,,65
2008,France,Afghanistan,1345,0,2,,,,,1347
2008,France,Eritrea,222,0,,,,,,222
2008,France,Gambia,53,0,,,,,,53
2008,France,Iran (Islamic Rep. of),1661,0,,,,,,1661
2008,France,Iraq,1656,0,,,,,,1656
2008,France,Mali,1049,0,,,,,,1049
2008,France,Russian Federation,7615,0,,,,,,7615
2008,France,Somalia,686,0,,,,,,686
2008,France,Serbia and Kosovo (S/RES/1244 (1999)),8395,0,77,,,,,8472
2008,France,Syrian Arab Rep.,233,0,,,,,,233
2008,United Kingdom,Afghanistan,23079,0,347,,,,,23426
2008,United Kingdom,Eritrea,7701,0,,,,,,7701
2008,United Kingdom,Gambia,258,0,,,,,,258
2008,United Kingdom,Iran (Islamic Rep. of),10320,0,,,,,,10320
2008,United Kingdom,Iraq,21483,0,,,,,,21483
2008,United Kingdom,Mali,10,0,,,,,,10
2008,United Kingdom,Russian Federation,1987,0,,,,,,1987
2008,United Kingdom,Somalia,31665,0,,,,,,31665
2008,United Kingdom,Serbia and Kosovo (S/RES/1244 (1999)),15242,0,10,,,,,15252
2008,United Kingdom,Syrian Arab Rep.,395,0,,,,,,395
2008,Hungary,Afghanistan,2110,54,,,,,,2164
2008,Hungary,Eritrea,3,,,,,,,3
2008,Hungary,Iran (Islamic Rep. of),161,6,,,,,,167
2008,Hungary,Iraq,1243,53,,,,,,1296
2008,Hungary,Russian Federation,137,9,,,,,,146
2008,Hungary,Somalia,313,131,,,,,,444
2008,Hungary,Serbia and Kosovo (S/RES/1244 (1999)),2143,1082,19,,,,,3244
2008,Hungary,Syrian Arab Rep.,44,31,,,,,,75
2008,Ireland,Afghanistan,127,122,,,,,,249
2008,Ireland,Eritrea,105,53,,,,,,158
2008,Ireland,Gambia,7,5,,,,,,12
2008,Ireland,Iran (Islamic Rep. of),173,113,,,,,,286
2008,Ireland,Iraq,642,165,,,,,,807
2008,Ireland,Mali,,4,,,,,,4
2008,Ireland,Russian Federation,276,45,,,,,,321
2008,Ireland,Somalia,653,181,,,,,,834
2008,Ireland,Serbia and Kosovo (S/RES/1244 (1999)),355,44,,,,,,399
2008,Ireland,Syrian Arab Rep.,36,16,,,,,,52
2008,Netherlands,Afghanistan,13477,0,14,,,,,13491
2008,Netherlands,Eritrea,917,0,,,,,,917
2008,Netherlands,Gambia,14,0,,,,,,14
2008,Netherlands,Iran (Islamic Rep. of),2956,0,,,,,,2956
2008,Netherlands,Iraq,15553,0,,,,,,15553
2008,Netherlands,Mali,6,0,,,,,,6
2008,Netherlands,Russian Federation,1206,0,,,,,,1206
2008,Netherlands,Somalia,8565,0,,,,,,8565
2008,Netherlands,Serbia and Kosovo (S/RES/1244 (1999)),1991,0,5,,,,,1996
2008,Netherlands,Syrian Arab Rep.,1326,0,,,,,,1326
2008,Poland,Afghanistan,68,5,,,,,,73
2008,Poland,Eritrea,2,,,,,,,2
2008,Poland,Gambia,,1,,,,,,1
2008,Poland,Iran (Islamic Rep. of),5,0,,,,,,5
2008,Poland,Iraq,77,38,,,,,,115
2008,Poland,Russian Federation,12034,4024,,,,,,16058
2008,Poland,Somalia,63,9,,,,,,72
2008,Poland,Serbia and Kosovo (S/RES/1244 (1999)),11,0,,,,,,11
2008,Poland,Syrian Arab Rep.,8,4,,,,,,12
2008,Portugal,Afghanistan,8,0,,,,,,8
2008,Portugal,Eritrea,11,0,,,,,,11
2008,Portugal,Gambia,1,,,,,,,1
2008,Portugal,Iran (Islamic Rep. of),2,0,,,,,,2
2008,Portugal,Iraq,5,0,,,,,,5
2008,Portugal,Russian Federation,7,0,,,,,,7
2008,Portugal,Somalia,19,0,,,,,,19
2008,Portugal,Serbia and Kosovo (S/RES/1244 (1999)),2,0,,,,,,2
2008,Sweden,Afghanistan,2946,604,19,,,,,3569
2008,Sweden,Eritrea,2165,606,,,,,,2771
2008,Sweden,Gambia,11,20,,,,,,31
2008,Sweden,Iran (Islamic Rep. of),1909,840,,,,,,2749
2008,Sweden,Iraq,32120,7824,,,,,,39944
2008,Sweden,Mali,2,5,,,,,,7
2008,Sweden,Russian Federation,1583,643,,,,,,2226
2008,Sweden,Somalia,6753,2876,,,,,,9629
2008,Sweden,Serbia and Kosovo (S/RES/1244 (1999)),8692,1884,36,,,,,10612
2008,Sweden,Syrian Arab Rep.,1084,617,,,,,,1701
2009,Austria,Afghanistan,6401,2808,,,,,,9209
2009,Austria,Eritrea,48,31,,,,,,79
2009,Austria,Gambia,48,189,,,,,,237
2009,Austria,Iran (Islamic Rep. of),2183,606,,,,,,2789
2009,Austria,Iraq,2183,807,,,,,,2990
2009,Austria,Mali,1,25,,,,,,26
2009,Austria,Russian Federation,15828,4693,,,,,,20521
2009,Austria,Somalia,830,485,,,,,,1315
2009,Austria,Serbia and Kosovo (S/RES/1244 (1999)),3473,3957,923,,,,,8353
2009,Austria,Syrian Arab Rep.,385,495,,,,,,880
2009,Belgium,Afghanistan,271,0,1,,,,,272
2009,Belgium,Eritrea,24,0,,,,,,24
2009,Belgium,Iran (Islamic Rep. of),339,0,,,,,,339
2009,Belgium,Iraq,718,0,,,,,,718
2009,Belgium,Mali,4,0,,,,,,4
2009,Belgium,Russian Federation,3428,0,,,,,,3428
2009,Belgium,Somalia,98,0,,,,,,98
2009,Belgium,Serbia and Kosovo (S/RES/1244 (1999)),1059,0,91,,,,,1150
2009,Belgium,Syrian Arab Rep.,177,0,,,,,,177
2009,Germany,Afghanistan,30320,3891,6,,,,971,35188
2009,Germany,Eritrea,4293,299,,,,,,4592
2009,Germany,Gambia,469,282,,,,,,751
2009,Germany,Iran (Islamic Rep. of),20226,2684,,,,,,22910
2009,Germany,Iraq,49033,5403,530,,,,,54966
2009,Germany,Iraq,,,,,,,6704,6704
2009,Germany,Mali,72,17,,,,,,89
2009,Germany,Russian Federation,37642,1948,,,,,,39590
2009,Germany,Somalia,2407,326,,,,,,2733
2009,Germany,Serbia and Kosovo (S/RES/1244 (1999)),123700,3756,374,,,,,127830
2009,Germany,Serbia and Kosovo (S/RES/1244 (1999)),,,,,,,10000,10000
2009,Germany,Syrian Arab Rep.,10217,1811,,,,,,12028
2009,Denmark,Afghanistan,5026,328,,,,,,5354
2009,Denmark,Eritrea,21,15,,,,,,36
2009,Denmark,Gambia,,2,,,,,,2
2009,Denmark,Iran (Islamic Rep. of),864,171,,,,,,1035
2009,Denmark,Iraq,5467,71,320,,,,,5858
2009,Denmark,Russian Federation,651,47,,,,,,698
2009,Denmark,Somalia,1987,44,,,,,,2031
2009,Denmark,Serbia and Kosovo (S/RES/1244 (1999)),2466,37,6,,,,,2509
2009,Denmark,Syrian Arab Rep.,392,152,,,,,,544
2009,Spain,Afghanistan,70,0,,,,,,70
2009,Spain,Eritrea,16,0,,,,,,16
2009,Spain,Gambia,8,0,,,,,,8
2009,Spain,Iran (Islamic Rep. of),50,0,,,,,,50
2009,Spain,Iraq,265,0,,,,,,265
2009,Spain,Russian Federation,464,0,,,,,,464
2009,Spain,Somalia,65,0,,,,,,65
2009,Spain,Serbia and Kosovo (S/RES/1244 (1999)),55,0,1,,,,,56
2009,Spain,Syrian Arab Rep.,33,0,,,,,,33
2009,Finland,Afghanistan,656,346,,,,,,1002
2009,Finland,Eritrea,5,8,,,,,,13
2009,Finland,Gambia,11,29,,,,,,40
2009,Finland,Iran (Islamic Rep. of),278,129,,,,,,407
2009,Finland,Iraq,1627,903,,,,,,2530
2009,Finland,Russian Federation,412,433,,,,,,845
2009,Finland,Somalia,1694,694,,,,,,2388
2009,Finland,Serbia and Kosovo (S/RES/1244 (1999)),800,225,6,,,,,1031
2009,Finland,Syrian Arab Rep.,52,31,,,,,,83
2009,France,Afghanistan,1567,0,11,,,,,1578
2009,France,Eritrea,369,0,,,,,,369
2009,France,Gambia,79,0,,,,,,79
2009,France,Iran (Islamic Rep. of),1735,0,,,,,,1735
2009,France,Iraq,2147,0,,,,,,2147
2009,France,Mali,2034,0,,,,,,2034
2009,France,Russian Federation,8942,0,,,,,,8942
2009,France,Somalia,835,0,,,,,,835
2009,France,Serbia and Kosovo (S/RES/1244 (1999)),9437,0,82,,,,,9519
2009,France,Syrian Arab Rep.,244,0,,,,,,244
2009,United Kingdom,Afghanistan,23658,0,99,,,,,23757
2009,United Kingdom,Eritrea,8829,0,,,,,,8829
2009,United Kingdom,Gambia,307,0,,,,,,307
2009,United Kingdom,Iran (Islamic Rep. of),10845,0,,,,,,10845
2009,United Kingdom,Iraq,21287,0,340,,,,,21627
2009,United Kingdom,Mali,10,0,,,,,,10
2009,United Kingdom,Russian Federation,1820,0,,,,,,1820
2009,United Kingdom,Somalia,32299,0,,,,,,32299
2009,United Kingdom,Serbia and Kosovo (S/RES/1244 (1999)),8009,0,47,,,,,8056
2009,United Kingdom,Syrian Arab Rep.,460,0,,,,,,460
2009,Hungary,Afghanistan,1907,198,,,,,,2105
2009,Hungary,Eritrea,3,,,,,,,3
2009,Hungary,Iran (Islamic Rep. of),164,36,,,,,,200
2009,Hungary,Iraq,1166,8,,,,,,1174
2009,Hungary,Russian Federation,133,12,,,,,,145
2009,Hungary,Somalia,397,19,,,,,,416
2009,Hungary,Serbia and Kosovo (S/RES/1244 (1999)),702,128,266,,,,,1096
2009,Hungary,Syrian Arab Rep.,43,3,,,,,,46
2009,Ireland,Afghanistan,149,55,,,,,,204
2009,Ireland,Eritrea,118,23,,,,,,141
2009,Ireland,Gambia,7,1,,,,,,8
2009,Ireland,Iran (Islamic Rep. of),197,47,,,,,,244
2009,Ireland,Iraq,688,75,,,,,,763
2009,Ireland,Russian Federation,271,33,,,,,,304
2009,Ireland,Somalia,590,155,,,,,,745
2009,Ireland,Serbia and Kosovo (S/RES/1244 (1999)),324,23,2,,,,,349
2009,Ireland,Syrian Arab Rep.,34,6,,,,,,40
2009,Netherlands,Afghanistan,9383,1604,5,,,,,10992
2009,Netherlands,Eritrea,1132,335,,,,,,1467
2009,Netherlands,Gambia,15,14,,,,,,29
2009,Netherlands,Iran (Islamic Rep. of),2662,562,,,,,,3224
2009,Netherlands,Iraq,16844,4893,450,,,,,22187
2009,Netherlands,Mali,7,5,,,,,,12
2009,Netherlands,Russian Federation,1168,138,,,,,,1306
2009,Netherlands,Somalia,11068,3767,,,,,,14835
2009,Netherlands,Serbia and Kosovo (S/RES/1244 (1999)),1723,101,16,,,,,1840
2009,Netherlands,Syrian Arab Rep.,1254,98,,,,,,1352
2009,Poland,Afghanistan,67,10,,,,,,77
2009,Poland,Eritrea,2,,,,,,,2
2009,Poland,Gambia,,1,,,,,,1
2009,Poland,Iran (Islamic Rep. of),9,3,,,,,,12
2009,Poland,Iraq,100,8,,,,,,108
2009,Poland,Russian Federation,14510,1781,,,,,,16291
2009,Poland,Somalia,65,1,,,,,,66
2009,Poland,Serbia and Kosovo (S/RES/1244 (1999)),9,2,,,,,,11
2009,Poland,Syrian Arab Rep.,8,3,,,,,,11
2009,Portugal,Afghanistan,7,,,,,,,7
2009,Portugal,Eritrea,17,0,,,,,,17
2009,Portugal,Gambia,1,0,,,,,,1
2009,Portugal,Iran (Islamic Rep. of),3,0,,,,,,3
2009,Portugal,Iraq,6,0,,,,,,6
2009,Portugal,Russian Federation,7,1,,,,,,8
2009,Portugal,Somalia,24,0,,,,,,24
2009,Portugal,Serbia and Kosovo (S/RES/1244 (1999)),2,,,,,,,2
2009,Sweden,Afghanistan,3637,1061,4,,,,,4702
2009,Sweden,Eritrea,3018,498,,,,,,3516
2009,Sweden,Gambia,15,18,,,,,,33
2009,Sweden,Iran (Islamic Rep. of),2148,1142,,,,,,3290
2009,Sweden,Iraq,31558,3106,1990,,,,,36654
2009,Sweden,Mali,5,2,,,,,,7
2009,Sweden,Russian Federation,1705,751,,,,,,2456
2009,Sweden,Somalia,10636,2889,,,,,,13525
2009,Sweden,Serbia and Kosovo (S/RES/1244 (1999)),8852,1256,76,,,,,10184
2009,Sweden,Syrian Arab Rep.,1118,594,,,,,,1712
2010,Austria,Afghanistan,7359,2696,,,,,,10055
2010,Austria,Eritrea,63,19,,,,,,82
2010,Austria,Gambia,71,112,,,,,,183
2010,Austria,Iran (Islamic Rep. of),2357,577,,,,,,2934
2010,Austria,Iraq,2320,912,,,,,,3232
2010,Austria,Mali,1,31,,,,,,32
2010,Austria,Russian Federation,17229,3870,,,,,,21099
2010,Austria,Somalia,1093,407,,,,,,1500
2010,Austria,Serbia and Kosovo (S/RES/1244 (1999)),3353,2797,,,,,,6150
2010,Austria,Syrian Arab Rep.,505,471,,,,,,976
2010,Belgium,Afghanistan,501,0,,,,,,501
2010,Belgium,Eritrea,36,0,,,,,,36
2010,Belgium,Iran (Islamic Rep. of),341,0,,,,,,341
2010,Belgium,Iraq,962,0,,,,,,962
2010,Belgium,Mali,5,0,,,,,,5
2010,Belgium,Russian Federation,2964,0,,,,,,2964
2010,Belgium,Somalia,117,0,,,,,,117
2010,Belgium,Serbia and Kosovo (S/RES/1244 (1999)),1040,0,,,,,,1040
2010,Belgium,Syrian Arab Rep.,229,0,,,,,,229
2010,Germany,Afghanistan,30404,7024,,,,,1073,38501
2010,Germany,Eritrea,4519,536,,,,,,5055
2010,Germany,Gambia,469,327,,,,,,796
2010,Germany,Iran (Islamic Rep. of),20444,3436,,,,,,23880
2010,Germany,Iraq,50432,5589,,,,,,56021
2010,Germany,Iraq,,,,,,,6709,6709
2010,Germany,Mali,75,27,,,,,,102
2010,Germany,Russian Federation,39460,2020,,,,,,41480
2010,Germany,Somalia,2620,1921,,,,,,4541
2010,Germany,Serbia and Kosovo (S/RES/1244 (1999)),122340,7789,,,,,,130129
2010,Germany,Serbia and Kosovo (S/RES/1244 (1999)),,,,,,,8500,8500
2010,Germany,Syrian Arab Rep.,10518,2690,,,,,,13208
2010,Denmark,Afghanistan,4467,974,,,,,,5441
2010,Denmark,Eritrea,29,20,,,,,,49
2010,Denmark,Gambia,,7,,,,,,7
2010,Denmark,Iran (Islamic Rep. of),1030,461,,,,,,1491
2010,Denmark,Iraq,3962,210,,,,,,4172
2010,Denmark,Russian Federation,748,247,,,,,,995
2010,Denmark,Somalia,1497,87,,,,,,1584
2010,Denmark,Serbia and Kosovo (S/RES/1244 (1999)),2288,106,,,,,,2394
2010,Denmark,Syrian Arab Rep.,750,483,,,,,,1233
2010,Spain,Afghanistan,59,17,,,,,,76
2010,Spain,Eritrea,16,24,,,,,,40
2010,Spain,Gambia,8,59,,,,,,67
2010,Spain,Iran (Islamic Rep. of),50,39,,,,,,89
2010,Spain,Iraq,263,29,,,,,,292
2010,Spain,Mali,1,6,,,,,,7
2010,Spain,Russian Federation,377,22,,,,,,399
2010,Spain,Somalia,78,79,,,,,,157
2010,Spain,Serbia and Kosovo (S/RES/1244 (1999)),41,2,,,,,,43
2010,Spain,Syrian Arab Rep.,35,12,,,,,,47
2010,Finland,Afghanistan,807,235,,,,,,1042
2010,Finland,Eritrea,7,5,,,,,,12
2010,Finland,Gambia,13,15,,,,,,28
2010,Finland,Iran (Islamic Rep. of),323,93,,,,,,416
2010,Finland,Iraq,2188,379,,,,,,2567
2010,Finland,Mali,,2,,,,,,2
2010,Finland,Russian Federation,469,347,,,,,,816
2010,Finland,Somalia,2226,325,,,,,,2551
2010,Finland,Serbia and Kosovo (S/RES/1244 (1999)),660,82,,,,,,742
2010,Finland,Syrian Arab Rep.,59,23,,,,,,82
2010,France,Afghanistan,1790,0,,,,,,1790
2010,France,Eritrea,663,0,,,,,,663
2010,France,Gambia,87,0,,,,,,87
2010,France,Iran (Islamic Rep. of),1917,0,,,,,,1917
2010,France,Iraq,2366,0,,,,,,2366
2010,France,Mali,2614,0,,,,,,2614
2010,France,Russian Federation,9858,0,,,,,,9858
2010,France,Somalia,1027,0,,,,,,1027
2010,France,Serbia and Kosovo (S/RES/1244 (1999)),9985,0,,,,,,9985
2010,France,Syrian Arab Rep.,280,0,,,,,,280
2010,United Kingdom,Afghanistan,23406,0,,,,,,23406
2010,United Kingdom,Eritrea,9430,0,,,,,,9430
2010,United Kingdom,Gambia,443,0,,,,,,443
2010,United Kingdom,Iran (Islamic Rep. of),10837,0,,,,,,10837
2010,United Kingdom,Iraq,18143,0,,,,,,18143
2010,United Kingdom,Mali,10,0,,,,,,10
2010,United Kingdom,Russian Federation,1603,0,,,,,,1603
2010,United Kingdom,Somalia,23893,0,,,,,,23893
2010,United Kingdom,Serbia and Kosovo (S/RES/1244 (1999)),6759,0,,,,,,6759
2010,United Kingdom,Syrian Arab Rep.,499,0,,,,,,499
2010,Hungary,Afghanistan,1767,54,,,,,,1821
2010,Hungary,Eritrea,2,,,,,,,2
2010,Hungary,Iran (Islamic Rep. of),164,13,,,,,,177
2010,Hungary,Iraq,1091,10,,,,,,1101
2010,Hungary,Russian Federation,123,10,,,,,,133
2010,Hungary,Somalia,421,11,,,,,,432
2010,Hungary,Serbia and Kosovo (S/RES/1244 (1999)),337,71,,,,,,408
2010,Hungary,Syrian Arab Rep.,39,8,,,,,,47
2010,Ireland,Afghanistan,157,181,,,,,,338
2010,Ireland,Eritrea,121,43,,,,,,164
2010,Ireland,Gambia,7,10,,,,,,17
2010,Ireland,Iran (Islamic Rep. of),205,109,,,,,,314
2010,Ireland,Iraq,650,123,,,,,,773
2010,Ireland,Mali,,1,,,,,,1
2010,Ireland,Russian Federation,267,51,,,,,,318
2010,Ireland,Somalia,589,206,,,,,,795
2010,Ireland,Serbia and Kosovo (S/RES/1244 (1999)),313,48,,,,,,361
2010,Ireland,Syrian Arab Rep.,34,10,,,,,,44
2010,Netherlands,Afghanistan,6731,1510,,,,,,8241
2010,Netherlands,Eritrea,1423,248,,,,,,1671
2010,Netherlands,Gambia,19,12,,,,,,31
2010,Netherlands,Iran (Islamic Rep. of),2758,682,,,,,,3440
2010,Netherlands,Iraq,17779,3025,,,,,,20804
2010,Netherlands,Mali,8,13,,,,,,21
2010,Netherlands,Russian Federation,1104,228,,,,,,1332
2010,Netherlands,Somalia,13736,2268,,,,,,16004
2010,Netherlands,Serbia and Kosovo (S/RES/1244 (1999)),1269,97,,,,,,1366
2010,Netherlands,Syrian Arab Rep.,1186,133,,,,,,1319
2010,Poland,Afghanistan,76,15,,,,,,91
2010,Poland,Eritrea,2,1,,,,,,3
2010,Poland,Gambia,,2,,,,,,2
2010,Poland,Iran (Islamic Rep. of),11,4,,,,,,15
2010,Poland,Iraq,111,19,,,,,,130
2010,Poland,Russian Federation,14730,956,,,,,,15686
2010,Poland,Somalia,55,5,,,,,,60
2010,Poland,Serbia and Kosovo (S/RES/1244 (1999)),4,1,,,,,,5
2010,Poland,Syrian Arab Rep.,8,8,,,,,,16
2010,Portugal,Afghanistan,6,1,,,,,,7
2010,Portugal,Eritrea,21,2,,,,,,23
2010,Portugal,Gambia,1,0,,,,,,1
2010,Portugal,Iran (Islamic Rep. of),6,5,,,,,,11
2010,Portugal,Iraq,6,,,,,,,6
2010,Portugal,Russian Federation,7,4,,,,,,11
2010,Portugal,Somalia,24,2,,,,,,26
2010,Portugal,Serbia and Kosovo (S/RES/1244 (1999)),2,,,,,,,2
2010,Sweden,Afghanistan,4150,1708,,,,,,5858
2010,Sweden,Eritrea,3921,580,,,,,,4501
2010,Sweden,Gambia,27,43,,,,,,70
2010,Sweden,Iran (Islamic Rep. of),2360,1270,,,,,,3630
2010,Sweden,Iraq,29013,1580,,,,,,30593
2010,Sweden,Mali,5,5,,,,,,10
2010,Sweden,Russian Federation,1739,767,,,,,,2506
2010,Sweden,Somalia,15238,1553,,,,,,16791
2010,Sweden,Serbia and Kosovo (S/RES/1244 (1999)),6848,2824,,,,,,9672
2010,Sweden,Syrian Arab Rep.,1169,371,,,,,,1540
2011,Austria,Afghanistan,8636,4576,,,,,,13212
2011,Austria,Eritrea,76,24,,,,,,100
2011,Austria,Gambia,83,103,,,,,,186
2011,Austria,Iran (Islamic Rep. of),2509,624,,,,,,3133
2011,Austria,Iraq,2622,893,,,,,,3515
2011,Austria,Mali,1,31,,,,,,32
2011,Austria,Russian Federation,18473,3109,,,,,,21582
2011,Austria,Somalia,1473,691,,,,,,2164
2011,Austria,Serbia and Kosovo (S/RES/1244 (1999)),3290,1598,,,,,,4888
2011,Austria,Syrian Arab Rep.,903,456,,,,,,1359
2011,Belgium,Afghanistan,785,1765,,,,,,2550
2011,Belgium,Eritrea,81,14,,,,,,95
2011,Belgium,Gambia,,11,,,,,,11
2011,Belgium,Iran (Islamic Rep. of),347,559,,,,,,906
2011,Belgium,Iraq,1329,853,,,,,,2182
2011,Belgium,Mali,9,19,,,,,,28
2011,Belgium,Russian Federation,2894,908,,,,,,3802
2011,Belgium,Somalia,247,184,,,,,,431
2011,Belgium,Serbia and Kosovo (S/RES/1244 (1999)),1066,1050,,,,,,2116
2011,Belgium,Syrian Arab Rep.,312,666,,,,,,978
2011,Germany,Afghanistan,30425,11087,,,,,1358,42870
2011,Germany,Eritrea,4606,762,,,,,,5368
2011,Germany,Gambia,473,286,,,,,,759
2011,Germany,Iran (Islamic Rep. of),20462,4695,,,,,,25157
2011,Germany,Iraq,48976,6074,905,,,,,55955
2011,Germany,Iraq,,,,,,,7213,7213
2011,Germany,Mali,66,34,,,,,,100
2011,Germany,Russian Federation,39816,2593,,,,,,42409
2011,Germany,Somalia,3139,1582,,,,,,4721
2011,Germany,Serbia and Kosovo (S/RES/1244 (1999)),110455,7635,,,,,,118090
2011,Germany,Serbia and Kosovo (S/RES/1244 (1999)),,,,,,,7838,7838
2011,Germany,Syrian Arab Rep.,10155,4713,,,,,,14868
2011,Denmark,Afghanistan,3108,160,,,,,,3268
2011,Denmark,Eritrea,39,2,,,,,,41
2011,Denmark,Iran (Islamic Rep. of),1245,99,,,,,,1344
2011,Denmark,Iraq,1910,13,685,,,,,2608
2011,Denmark,Russian Federation,794,27,,,,,,821
2011,Denmark,Somalia,904,39,,,,,,943
2011,Denmark,Serbia and Kosovo (S/RES/1244 (1999)),1757,27,,,,,,1784
2011,Denmark,Syrian Arab Rep.,1197,93,,,,,,1290
2011,Spain,Afghanistan,62,0,,,,,,62
2011,Spain,Eritrea,20,0,,,,,,20
2011,Spain,Gambia,9,0,,,,,,9
2011,Spain,Iran (Islamic Rep. of),55,0,,,,,,55
2011,Spain,Iraq,250,0,,,,,,250
2011,Spain,Mali,1,0,,,,,,1
2011,Spain,Russian Federation,305,0,,,,,,305
2011,Spain,Somalia,147,0,,,,,,147
2011,Spain,Serbia and Kosovo (S/RES/1244 (1999)),23,0,,,,,,23
2011,Spain,Syrian Arab Rep.,32,0,,,,,,32
2011,Finland,Afghanistan,948,280,,,,,,1228
2011,Finland,Eritrea,12,9,,,,,,21
2011,Finland,Gambia,16,8,,,,,,24
2011,Finland,Iran (Islamic Rep. of),359,141,,,,,,500
2011,Finland,Iraq,2508,394,129,,,,,3031
2011,Finland,Russian Federation,577,291,,,,,,868
2011,Finland,Somalia,2404,270,,,,,,2674
2011,Finland,Serbia and Kosovo (S/RES/1244 (1999)),365,83,,,,,,448
2011,Finland,Syrian Arab Rep.,86,75,,,,,,161
2011,France,Afghanistan,2120,0,,,,,,2120
2011,France,Eritrea,1093,0,,,,,,1093
2011,France,Gambia,110,0,,,,,,110
2011,France,Iran (Islamic Rep. of),2064,0,,,,,,2064
2011,France,Iraq,2519,0,,,,,,2519
2011,France,Mali,3082,0,,,,,,3082
2011,France,Russian Federation,10882,0,,,,,,10882
2011,France,Somalia,1303,0,,,,,,1303
2011,France,Serbia and Kosovo (S/RES/1244 (1999)),10891,0,,,,,,10891
2011,France,Syrian Arab Rep.,351,0,,,,,,351
2011,United Kingdom,Afghanistan,14424,1402,,,,,,15826
2011,United Kingdom,Eritrea,9851,446,,,,,,10297
2011,United Kingdom,Gambia,605,247,,,,,,852
2011,United Kingdom,Iran (Islamic Rep. of),11632,1704,,,,,,13336
2011,United Kingdom,Iraq,15652,521,835,,,,,17008
2011,United Kingdom,Mali,12,7,,,,,,19
2011,United Kingdom,Russian Federation,1421,93,,,,,,1514
2011,United Kingdom,Somalia,19668,424,,,,,,20092
2011,United Kingdom,Serbia and Kosovo (S/RES/1244 (1999)),4364,23,,,,,,4387
2011,United Kingdom,Syrian Arab Rep.,693,339,,,,,,1032
2011,Hungary,Afghanistan,1697,0,,,,,,1697
2011,Hungary,Eritrea,2,0,,,,,,2
2011,Hungary,Iran (Islamic Rep. of),167,0,,,,,,167
2011,Hungary,Iraq,998,0,,,,,,998
2011,Hungary,Russian Federation,115,0,,,,,,115
2011,Hungary,Somalia,406,0,,,,,,406
2011,Hungary,Serbia and Kosovo (S/RES/1244 (1999)),272,0,,,,,,272
2011,Hungary,Syrian Arab Rep.,42,0,,,,,,42
2011,Ireland,Afghanistan,170,209,,,,,,379
2011,Ireland,Eritrea,119,42,,,,,,161
2011,Ireland,Gambia,5,9,,,,,,14
2011,Ireland,Iran (Islamic Rep. of),215,81,,,,,,296
2011,Ireland,Iraq,595,113,,,,,,708
2011,Ireland,Mali,,1,,,,,,1
2011,Ireland,Russian Federation,242,57,,,,,,299
2011,Ireland,Somalia,542,190,,,,,,732
2011,Ireland,Serbia and Kosovo (S/RES/1244 (1999)),225,58,,,,,,283
2011,Ireland,Syrian Arab Rep.,27,18,,,,,,45
2011,Netherlands,Afghanistan,5697,1473,,,,,,7170
2011,Netherlands,Eritrea,1880,167,,,,,,2047
2011,Netherlands,Gambia,22,10,,,,,,32
2011,Netherlands,Iran (Islamic Rep. of),3152,786,,,,,,3938
2011,Netherlands,Iraq,18255,1384,920,,,,,20559
2011,Netherlands,Mali,10,10,,,,,,20
2011,Netherlands,Russian Federation,1007,239,,,,,,1246
2011,Netherlands,Somalia,15715,1595,,,,,,17310
2011,Netherlands,Serbia and Kosovo (S/RES/1244 (1999)),794,81,,,,,,875
2011,Netherlands,Syrian Arab Rep.,1064,231,,,,,,1295
2011,Poland,Afghanistan,68,34,,,,,,102
2011,Poland,Eritrea,15,0,,,,,,15
2011,Poland,Iran (Islamic Rep. of),13,12,,,,,,25
2011,Poland,Iraq,135,17,,,,,,152
2011,Poland,Russian Federation,14897,1918,,,,,,16815
2011,Poland,Somalia,51,5,,,,,,56
2011,Poland,Serbia and Kosovo (S/RES/1244 (1999)),2,2,,,,,,4
2011,Poland,Syrian Arab Rep.,10,10,,,,,,20
2011,Portugal,Afghanistan,4,4,,,,,,8
2011,Portugal,Eritrea,22,,,,,,,22
2011,Portugal,Gambia,1,2,,,,,,3
2011,Portugal,Iran (Islamic Rep. of),7,14,,,,,,21
2011,Portugal,Iraq,7,4,,,,,,11
2011,Portugal,Russian Federation,11,9,,,,,,20
2011,Portugal,Somalia,33,19,,,,,,52
2011,Portugal,Serbia and Kosovo (S/RES/1244 (1999)),2,,,,,,,2
2011,Sweden,Afghanistan,6620,2204,,,,,,8824
2011,Sweden,Eritrea,5123,616,,,,,,5739
2011,Sweden,Gambia,34,37,,,,,,71
2011,Sweden,Iran (Islamic Rep. of),2681,968,,,,,,3649
2011,Sweden,Iraq,27367,1058,2265,,,,,30690
2011,Sweden,Mali,7,4,,,,,,11
2011,Sweden,Russian Federation,1786,713,,,,,,2499
2011,Sweden,Somalia,17602,1744,,,,,,19346
2011,Sweden,Serbia and Kosovo (S/RES/1244 (1999)),5529,2478,,,,,,8007
2011,Sweden,Syrian Arab Rep.,1206,485,,,,,,1691
2012,Austria,Afghanistan,10158,6203,,,,,,16361
2012,Austria,Eritrea,88,19,,,,,,107
2012,Austria,Gambia,90,95,,,,,,185
2012,Austria,Iran (Islamic Rep. of),2816,804,,,,,,3620
2012,Austria,Iraq,2863,807,,,,,,3670
2012,Austria,Mali,5,34,,,,,,39
2012,Austria,Russian Federation,19517,3157,,,,,,22674
2012,Austria,Somalia,1915,798,,,,,,2713
2012,Austria,Serbia and Kosovo (S/RES/1244 (1999)),3165,1065,,,,,,4230
2012,Austria,Syrian Arab Rep.,1675,694,,,,,,2369
2012,Belgium,Afghanistan,1267,1911,,,,,,3178
2012,Belgium,Eritrea,62,32,,,,,,94
2012,Belgium,Gambia,,21,,,,,,21
2012,Belgium,Iran (Islamic Rep. of),411,657,,,,,,1068
2012,Belgium,Iraq,1541,416,95,,,,,2052
2012,Belgium,Mali,11,95,,,,,,106
2012,Belgium,Russian Federation,2661,562,,,,,,3223
2012,Belgium,Somalia,288,288,,,,,,576
2012,Belgium,Serbia and Kosovo (S/RES/1244 (1999)),983,34,,,,,,1017
2012,Belgium,Syrian Arab Rep.,355,938,,,,,,1293
2012,Germany,Afghanistan,31746,14357,,,,,,46103
2012,Germany,Eritrea,4836,1018,,,,,,5854
2012,Germany,Gambia,502,350,,,,,,852
2012,Germany,Iran (Islamic Rep. of),21629,6618,,,,,,28247
2012,Germany,Iraq,49829,6302,955,,,,,57086
2012,Germany,Mali,86,201,,,,,,287
2012,Germany,Russian Federation,40204,4668,,,,,,44872
2012,Germany,Somalia,3634,1972,,,,,,5606
2012,Germany,Serbia and Kosovo (S/RES/1244 (1999)),113809,10620,,,,,,124429
2012,Germany,Syrian Arab Rep.,18165,5986,,,,,,24151
2012,Denmark,Afghanistan,2515,361,,,,,,2876
2012,Denmark,Eritrea,46,16,,,,,,62
2012,Denmark,Gambia,,8,,,,,,8
2012,Denmark,Iran (Islamic Rep. of),1529,181,,,,,,1710
2012,Denmark,Iraq,1165,54,705,,,,,1924
2012,Denmark,Mali,,2,,,,,,2
2012,Denmark,Russian Federation,842,161,,,,,,1003
2012,Denmark,Somalia,531,78,,,,,,609
2012,Denmark,Serbia and Kosovo (S/RES/1244 (1999)),1192,35,,,,,,1227
2012,Denmark,Syrian Arab Rep.,1903,115,,,,,,2018
2012,Spain,Afghanistan,92,35,,,,,,127
2012,Spain,Eritrea,33,25,,,,,,58
2012,Spain,Gambia,8,30,,,,,,38
2012,Spain,Iran (Islamic Rep. of),51,65,,,,,,116
2012,Spain,Iraq,248,35,,,,,,283
2012,Spain,Mali,1,95,,,,,,96
2012,Spain,Russian Federation,268,25,,,,,,293
2012,Spain,Somalia,196,75,,,,,,271
2012,Spain,Serbia and Kosovo (S/RES/1244 (1999)),16,0,,,,,,16
2012,Spain,Syrian Arab Rep.,32,320,,,,,,352
2012,Finland,Afghanistan,1137,155,,,,,,1292
2012,Finland,Eritrea,16,7,,,,,,23
2012,Finland,Gambia,16,15,,,,,,31
2012,Finland,Iran (Islamic Rep. of),431,115,,,,,,546
2012,Finland,Iraq,2797,563,85,,,,,3445
2012,Finland,Mali,,9,,,,,,9
2012,Finland,Russian Federation,598,188,,,,,,786
2012,Finland,Somalia,2571,110,,,,,,2681
2012,Finland,Serbia and Kosovo (S/RES/1244 (1999)),322,47,,,,,,369
2012,Finland,Syrian Arab Rep.,218,110,,,,,,328
2012,France,Afghanistan,2590,595,,,,,,3185
2012,France,Eritrea,1316,0,,,,,,1316
2012,France,Gambia,120,0,,,,,,120
2012,France,Iran (Islamic Rep. of),2172,0,,,,,,2172
2012,France,Iraq,2620,0,,,,,,2620
2012,France,Mali,3428,0,,,,,,3428
2012,France,Russian Federation,11767,2169,,,,,,13936
2012,France,Somalia,1489,0,,,,,,1489
2012,France,Serbia and Kosovo (S/RES/1244 (1999)),11506,1139,,,,,,12645
2012,France,Syrian Arab Rep.,640,0,,,,,,640
2012,United Kingdom,Afghanistan,9845,1262,,,,,,11107
2012,United Kingdom,Eritrea,9903,375,,,,,,10278
2012,United Kingdom,Gambia,794,286,,,,,,1080
2012,United Kingdom,Iran (Islamic Rep. of),11433,1960,,,,,,13393
2012,United Kingdom,Iraq,5755,487,840,,,,,7082
2012,United Kingdom,Mali,13,11,,,,,,24
2012,United Kingdom,Russian Federation,1106,125,,,,,,1231
2012,United Kingdom,Somalia,15134,475,,,,,,15609
2012,United Kingdom,Serbia and Kosovo (S/RES/1244 (1999)),2328,35,,,,,,2363
2012,United Kingdom,Syrian Arab Rep.,1717,389,,,,,,2106
2012,Hungary,Afghanistan,1131,0,,,,,,1131
2012,Hungary,Eritrea,4,0,,,,,,4
2012,Hungary,Iran (Islamic Rep. of),145,0,,,,,,145
2012,Hungary,Iraq,563,0,,,,,,563
2012,Hungary,Russian Federation,103,0,,,,,,103
2012,Hungary,Somalia,431,0,,,,,,431
2012,Hungary,Serbia and Kosovo (S/RES/1244 (1999)),266,0,,,,,,266
2012,Hungary,Syrian Arab Rep.,86,0,,,,,,86
2012,Ireland,Afghanistan,181,210,,,,,,391
2012,Ireland,Eritrea,119,40,,,,,,159
2012,Ireland,Gambia,5,9,,,,,,14
2012,Ireland,Iran (Islamic Rep. of),206,93,,,,,,299
2012,Ireland,Iraq,534,120,,,,,,654
2012,Ireland,Mali,,1,,,,,,1
2012,Ireland,Russian Federation,148,51,,,,,,199
2012,Ireland,Somalia,505,172,,,,,,677
2012,Ireland,Serbia and Kosovo (S/RES/1244 (1999)),143,62,,,,,,205
2012,Ireland,Syrian Arab Rep.,38,15,,,,,,53
2012,Netherlands,Afghanistan,6126,1473,,,,,,7599
2012,Netherlands,Eritrea,2103,167,,,,,,2270
2012,Netherlands,Gambia,22,10,,,,,,32
2012,Netherlands,Iran (Islamic Rep. of),3354,786,,,,,,4140
2012,Netherlands,Iraq,18012,1384,720,,,,,20116
2012,Netherlands,Mali,10,10,,,,,,20
2012,Netherlands,Russian Federation,880,239,,,,,,1119
2012,Netherlands,Somalia,16286,1595,,,,,,17881
2012,Netherlands,Serbia and Kosovo (S/RES/1244 (1999)),565,81,,,,,,646
2012,Netherlands,Syrian Arab Rep.,1449,231,,,,,,1680
2012,Poland,Afghanistan,72,72,,,,,,144
2012,Poland,Eritrea,14,4,,,,,,18
2012,Poland,Iran (Islamic Rep. of),15,7,,,,,,22
2012,Poland,Iraq,137,24,,,,,,161
2012,Poland,Russian Federation,14938,1376,,,,,,16314
2012,Poland,Somalia,48,9,,,,,,57
2012,Poland,Serbia and Kosovo (S/RES/1244 (1999)),2,3,,,,,,5
2012,Poland,Syrian Arab Rep.,17,83,,,,,,100
2012,Portugal,Afghanistan,6,3,,,,,,9
2012,Portugal,Eritrea,22,2,,,,,,24
2012,Portugal,Gambia,2,0,,,,,,2
2012,Portugal,Iran (Islamic Rep. of),10,0,,,,,,10
2012,Portugal,Iraq,6,4,,,,,,10
2012,Portugal,Russian Federation,15,3,,,,,,18
2012,Portugal,Somalia,40,9,,,,,,49
2012,Portugal,Serbia and Kosovo (S/RES/1244 (1999)),2,,,,,,,2
2012,Portugal,Syrian Arab Rep.,,9,,,,,,9
2012,Sweden,Afghanistan,8454,2353,,,,,,10807
2012,Sweden,Eritrea,6414,986,,,,,,7400
2012,Sweden,Gambia,45,59,,,,,,104
2012,Sweden,Iran (Islamic Rep. of),2992,1134,,,,,,4126
2012,Sweden,Iraq,24741,898,2545,,,,,28184
2012,Sweden,Mali,10,32,,,,,,42
2012,Sweden,Russian Federation,1770,676,,,,,,2446
2012,Sweden,Somalia,19416,2563,,,,,,21979
2012,Sweden,Serbia and Kosovo (S/RES/1244 (1999)),4315,1741,,,,,,6056
2012,Sweden,Syrian Arab Rep.,6051,3751,,,,,,9802
2013,Austria,Afghanistan,11906,6248,,,,,,18154
2013,Austria,Eritrea,101,54,,,,,,155
2013,Austria,Gambia,101,108,,,,,,209
2013,Austria,Iran (Islamic Rep. of),3188,687,,,,,,3875
2013,Austria,Iraq,2966,699,,,,,,3665
2013,Austria,Mali,11,35,,,,,,46
2013,Austria,Russian Federation,19577,3250,,,,,,22827
2013,Austria,Somalia,2278,812,,,,,,3090
2013,Austria,Serbia and Kosovo (S/RES/1244 (1999)),3075,952,,,,,,4027
2013,Austria,Syrian Arab Rep.,2748,1561,,,,,,4309
2013,Belgium,Afghanistan,4328,580,,,,,,4908
2013,Belgium,Eritrea,105,56,,,,,,161
2013,Belgium,Gambia,19,45,,,,,,64
2013,Belgium,Iran (Islamic Rep. of),486,426,,,,,,912
2013,Belgium,Iraq,3058,505,,,,,,3563
2013,Belgium,Mali,17,143,,,,,,160
2013,Belgium,Russian Federation,2177,446,,,,,,2623
2013,Belgium,Somalia,559,238,,,,,,797
2013,Belgium,Serbia and Kosovo (S/RES/1244 (1999)),822,62,,,,,,884
2013,Belgium,Syrian Arab Rep.,1987,378,,,,,,2365
2013,Germany,Afghanistan,24203,16148,,,,,,40351
2013,Germany,Eritrea,3984,4101,,,,,,8085
2013,Germany,Gambia,126,869,,,,,,995
2013,Germany,Iran (Islamic Rep. of),17150,7788,,,,,,24938
2013,Germany,Iraq,40230,6093,685,,,,,47008
2013,Germany,Mali,21,695,,,,,,716
2013,Germany,Russian Federation,4358,12890,,,,,,17248
2013,Germany,Somalia,3512,4803,,,,,,8315
2013,Germany,Serbia and Kosovo (S/RES/1244 (1999)),8410,14515,,,,,,22925
2013,Germany,Syrian Arab Rep.,21253,10566,,,,,,31819
2013,Denmark,Afghanistan,2139,209,,,,,,2348
2013,Denmark,Eritrea,108,19,,,,,,127
2013,Denmark,Gambia,,8,,,,,,8
2013,Denmark,Iran (Islamic Rep. of),1842,130,,,,,,1972
2013,Denmark,Iraq,1034,35,310,,,,,1379
2013,Denmark,Mali,1,3,,,,,,4
2013,Denmark,Russian Federation,1023,205,,,,,,1228
2013,Denmark,Somalia,798,357,,,,,,1155
2013,Denmark,Serbia and Kosovo (S/RES/1244 (1999)),765,4,,,,,,769
2013,Denmark,Syrian Arab Rep.,3271,86,,,,,,3357
2013,Spain,Afghanistan,114,78,,,,,,192
2013,Spain,Eritrea,41,5,,,,,,46
2013,Spain,Gambia,8,23,,,,,,31
2013,Spain,Iran (Islamic Rep. of),56,101,,,,,,157
2013,Spain,Iraq,245,70,,,,,,315
2013,Spain,Mali,1,1527,,,,,,1528
2013,Spain,Russian Federation,204,40,,,,,,244
2013,Spain,Somalia,284,76,,,,,,360
2013,Spain,Serbia and Kosovo (S/RES/1244 (1999)),12,0,,,,,,12
2013,Spain,Syrian Arab Rep.,180,743,,,,,,923
2013,Finland,Afghanistan,1357,90,,,,,,1447
2013,Finland,Eritrea,23,2,,,,,,25
2013,Finland,Gambia,18,31,,,,,,49
2013,Finland,Iran (Islamic Rep. of),509,85,,,,,,594
2013,Finland,Iraq,3448,364,,,,,,3812
2013,Finland,Mali,,5,,,,,,5
2013,Finland,Russian Federation,672,161,,,,,,833
2013,Finland,Somalia,2744,95,,,,,,2839
2013,Finland,Serbia and Kosovo (S/RES/1244 (1999)),276,48,,,,,,324
2013,Finland,Syrian Arab Rep.,352,77,,,,,,429
2013,France,Afghanistan,3213,601,,,,,,3814
2013,France,Eritrea,1508,281,,,,,,1789
2013,France,Gambia,140,85,,,,,,225
2013,France,Iran (Islamic Rep. of),2311,136,,,,,,2447
2013,France,Iraq,2677,57,,,,,,2734
2013,France,Mali,3719,966,,,,,,4685
2013,France,Russian Federation,12795,4240,,,,,,17035
2013,France,Somalia,1674,408,,,,,,2082
2013,France,Serbia and Kosovo (S/RES/1244 (1999)),11738,3777,,,,,,15515
2013,France,Syrian Arab Rep.,1474,343,,,,,,1817
2013,United Kingdom,Afghanistan,9166,1430,,,,,,10596
2013,United Kingdom,Eritrea,10010,800,,,,,,10810
2013,United Kingdom,Gambia,937,294,,,,,,1231
2013,United Kingdom,Iran (Islamic Rep. of),11368,2270,,,,,,13638
2013,United Kingdom,Iraq,3193,541,465,,,,,4199
2013,United Kingdom,Mali,15,14,,,,,,29
2013,United Kingdom,Russian Federation,817,117,,,,,,934
2013,United Kingdom,Somalia,11249,503,,,,,,11752
2013,United Kingdom,Serbia and Kosovo (S/RES/1244 (1999)),963,51,,,,,,1014
2013,United Kingdom,Syrian Arab Rep.,3169,641,,,,,,3810
2013,Hungary,Afghanistan,749,697,,,,,,1446
2013,Hungary,Eritrea,6,18,,,,,,24
2013,Hungary,Gambia,,4,,,,,,4
2013,Hungary,Iran (Islamic Rep. of),69,10,,,,,,79
2013,Hungary,Iraq,223,12,,,,,,235
2013,Hungary,Mali,1,19,,,,,,20
2013,Hungary,Russian Federation,24,2,,,,,,26
2013,Hungary,Somalia,446,42,,,,,,488
2013,Hungary,Serbia and Kosovo (S/RES/1244 (1999)),76,125,,,,,,201
2013,Hungary,Syrian Arab Rep.,141,184,,,,,,325
2013,Ireland,Afghanistan,129,173,,,,,,302
2013,Ireland,Eritrea,39,47,,,,,,86
2013,Ireland,Gambia,2,5,,,,,,7
2013,Ireland,Iran (Islamic Rep. of),118,78,,,,,,196
2013,Ireland,Iraq,380,102,,,,,,482
2013,Ireland,Mali,7,1,,,,,,8
2013,Ireland,Russian Federation,188,54,,,,,,242
2013,Ireland,Somalia,559,97,,,,,,656
2013,Ireland,Serbia and Kosovo (S/RES/1244 (1999)),214,51,,,,,,265
2013,Ireland,Syrian Arab Rep.,71,15,,,,,,86
2013,Netherlands,Afghanistan,6269,0,,,,,,6269
2013,Netherlands,Eritrea,2807,0,,,,,,2807
2013,Netherlands,Gambia,27,0,,,,,,27
2013,Netherlands,Iran (Islamic Rep. of),4148,0,,,,,,4148
2013,Netherlands,Iraq,15533,0,475,,,,,16008
2013,Netherlands,Mali,10,0,,,,,,10
2013,Netherlands,Russian Federation,765,0,,,,,,765
2013,Netherlands,Somalia,18799,0,,,,,,18799
2013,Netherlands,Serbia and Kosovo (S/RES/1244 (1999)),405,0,,,,,,405
2013,Netherlands,Syrian Arab Rep.,3404,0,,,,,,3404
2013,Poland,Afghanistan,88,49,,,,,,137
2013,Poland,Eritrea,15,4,,,,,,19
2013,Poland,Gambia,,1,,,,,,1
2013,Poland,Iran (Islamic Rep. of),17,13,,,,,,30
2013,Poland,Iraq,141,36,,,,,,177
2013,Poland,Mali,,2,,,,,,2
2013,Poland,Russian Federation,15149,1330,,,,,,16479
2013,Poland,Somalia,54,26,,,,,,80
2013,Poland,Serbia and Kosovo (S/RES/1244 (1999)),3,0,,,,,,3
2013,Poland,Syrian Arab Rep.,108,100,,,,,,208
2013,Portugal,Afghanistan,9,2,,,,,,11
2013,Portugal,Eritrea,22,7,,,,,,29
2013,Portugal,Gambia,4,0,,,,,,4
2013,Portugal,Iran (Islamic Rep. of),13,0,,,,,,13
2013,Portugal,Iraq,6,0,,,,,,6
2013,Portugal,Mali,1,6,,,,,,7
2013,Portugal,Russian Federation,18,10,,,,,,28
2013,Portugal,Somalia,44,6,,,,,,50
2013,Portugal,Serbia and Kosovo (S/RES/1244 (1999)),2,1,,,,,,3
2013,Portugal,Syrian Arab Rep.,14,8,,,,,,22
2013,Sweden,Afghanistan,10499,1698,,,,,,12197
2013,Sweden,Eritrea,8954,2027,,,,,,10981
2013,Sweden,Gambia,78,107,,,,,,185
2013,Sweden,Iran (Islamic Rep. of),3763,772,,,,,,4535
2013,Sweden,Iraq,24006,1082,1640,,,,,26728
2013,Sweden,Mali,17,43,,,,,,60
2013,Sweden,Russian Federation,1941,723,,,,,,2664
2013,Sweden,Somalia,20613,1911,,,,,,22524
2013,Sweden,Serbia and Kosovo (S/RES/1244 (1999)),3608,1471,,,,,,5079
2013,Sweden,Syrian Arab Rep.,17984,6808,,,,,,24792
2014,Austria,Afghanistan,11906,*,,,,,,11906
2014,Austria,Eritrea,101,*,,,,,,101
2014,Austria,Gambia,101,*,,,,,,101
2014,Austria,Iran (Islamic Rep. of),3188,*,,,,,,3188
2014,Austria,Iraq,2966,*,356,,,,,3322
2014,Austria,Mali,11,*,,,,,,11
2014,Austria,Russian Federation,19577,*,,,,,,19577
2014,Austria,Somalia,2278,*,,,,,,2278
2014,Austria,Serbia and Kosovo (S/RES/1244 (1999)),3075,*,,,,,,3075
2014,Austria,Syrian Arab Rep.,2748,*,,,,,,2748
2014,Belgium,Afghanistan,5038,765,,,,,,5803
2014,Belgium,Eritrea,130,273,,,,,,403
2014,Belgium,Gambia,19,23,,,,,,42
2014,Belgium,Iran (Islamic Rep. of),639,266,,,,,,905
2014,Belgium,Iraq,3357,490,34,,,,,3881
2014,Belgium,Mali,44,64,,,,,,108
2014,Belgium,Russian Federation,2193,649,,,,,,2842
2014,Belgium,Somalia,625,282,,,,,,907
2014,Belgium,Serbia and Kosovo (S/RES/1244 (1999)),686,258,,,,,,944
2014,Belgium,Syrian Arab Rep.,2620,733,,,,,,3353
2014,Germany,Afghanistan,27814,19023,,,,,,46837
2014,Germany,Eritrea,4716,15819,,,,,,20535
2014,Germany,Gambia,144,2416,,,,,,2560
2014,Germany,Iran (Islamic Rep. of),18814,7632,,,,,,26446
2014,Germany,Iraq,41167,10360,324,,,,,51851
2014,Germany,Mali,34,802,,,,,,836
2014,Germany,Russian Federation,4608,12677,,,,,,17285
2014,Germany,Somalia,4205,8386,,,,,,12591
2014,Germany,Serbia and Kosovo (S/RES/1244 (1999)),9294,27788,,,,,,37082
2014,Germany,Syrian Arab Rep.,40994,29591,,,,,,70585
2014,Denmark,Afghanistan,2130,144,,,,,,2274
2014,Denmark,Eritrea,319,1268,,,,,,1587
2014,Denmark,Gambia,*,*,,,,,,*
2014,Denmark,Iran (Islamic Rep. of),1912,117,,,,,,2029
2014,Denmark,Iraq,967,75,31,,,,,1073
2014,Denmark,Mali,*,*,,,,,,*
2014,Denmark,Russian Federation,1051,198,,,,,,1249
2014,Denmark,Somalia,1134,229,,,,,,1363
2014,Denmark,Serbia and Kosovo (S/RES/1244 (1999)),468,15,,,,,,483
2014,Denmark,Syrian Arab Rep.,7253,1468,,,,,,8721
2014,Spain,Afghanistan,144,131,,,,,,275
2014,Spain,Eritrea,48,*,,,,,,52
2014,Spain,Gambia,8,18,,,,,,26
2014,Spain,Iran (Islamic Rep. of),70,104,,,,,,174
2014,Spain,Iraq,190,150,,,,,,340
2014,Spain,Mali,*,1854,,,,,,1855
2014,Spain,Russian Federation,177,57,,,,,,234
2014,Spain,Somalia,374,84,,,,,,458
2014,Spain,Serbia and Kosovo (S/RES/1244 (1999)),12,*,,,,,,12
2014,Spain,Syrian Arab Rep.,1336,781,,,,,,2117
2014,Finland,Afghanistan,1443,133,,,,,,1576
2014,Finland,Eritrea,25,7,,,,,,32
2014,Finland,Gambia,33,24,,,,,,57
2014,Finland,Iran (Islamic Rep. of),581,44,,,,,,625
2014,Finland,Iraq,3607,450,37,,,,,4094
2014,Finland,Mali,*,7,,,,,,9
2014,Finland,Russian Federation,729,114,,,,,,843
2014,Finland,Somalia,2817,271,,,,,,3088
2014,Finland,Serbia and Kosovo (S/RES/1244 (1999)),215,29,,,,,,244
2014,Finland,Syrian Arab Rep.,438,55,,,,,,493
2014,France,Afghanistan,3838,424,,,,,,4262
2014,France,Eritrea,1671,490,,,,,,2161
2014,France,Gambia,164,114,,,,,,278
2014,France,Iran (Islamic Rep. of),2359,118,,,,,,2477
2014,France,Iraq,2991,307,103,,,,,3401
2014,France,Mali,3934,931,,,,,,4865
2014,France,Russian Federation,13644,4942,,,,,,18586
2014,France,Somalia,1896,515,,,,,,2411
2014,France,Serbia and Kosovo (S/RES/1244 (1999)),12119,2780,,,,,,14899
2014,France,Syrian Arab Rep.,2882,1239,,,,,,4121
2014,United Kingdom,Afghanistan,9039,1894,,,,,,10933
2014,United Kingdom,Eritrea,11583,1660,,,,,,13243
2014,United Kingdom,Gambia,1102,312,,,,,,1414
2014,United Kingdom,Iran (Islamic Rep. of),11510,2714,,,,,,14224
2014,United Kingdom,Iraq,2951,986,738,,,,,4675
2014,United Kingdom,Mali,18,18,,,,,,36
2014,United Kingdom,Russian Federation,575,170,,,,,,745
2014,United Kingdom,Somalia,8509,568,,,,,,9077
2014,United Kingdom,Serbia and Kosovo (S/RES/1244 (1999)),408,41,,,,,,449
2014,United Kingdom,Syrian Arab Rep.,4572,1329,,,,,,5901
2014,Hungary,Afghanistan,819,2623,,,,,,3442
2014,Hungary,Eritrea,40,11,,,,,,51
2014,Hungary,Gambia,,14,,,,,,14
2014,Hungary,Iran (Islamic Rep. of),68,83,,,,,,151
2014,Hungary,Iraq,220,172,,,,,,392
2014,Hungary,Mali,*,17,,,,,,19
2014,Hungary,Russian Federation,25,*,,,,,,27
2014,Hungary,Somalia,496,33,,,,,,529
2014,Hungary,Serbia and Kosovo (S/RES/1244 (1999)),65,10928,,,,,,10993
2014,Hungary,Syrian Arab Rep.,334,823,,,,,,1157
2014,Ireland,Afghanistan,158,129,,,,,,287
2014,Ireland,Eritrea,42,23,,,,,,65
2014,Ireland,Gambia,*,7,,,,,,9
2014,Ireland,Iran (Islamic Rep. of),118,53,,,,,,171
2014,Ireland,Iraq,379,52,,,,,,431
2014,Ireland,Mali,7,*,,,,,,9
2014,Ireland,Russian Federation,167,16,,,,,,183
2014,Ireland,Somalia,503,58,,,,,,561
2014,Ireland,Serbia and Kosovo (S/RES/1244 (1999)),191,22,,,,,,213
2014,Ireland,Syrian Arab Rep.,176,11,,,,,,187
2014,Netherlands,Afghanistan,6244,299,,,,,,6543
2014,Netherlands,Eritrea,6294,191,,,,,,6485
2014,Netherlands,Gambia,34,11,,,,,,45
2014,Netherlands,Iran (Islamic Rep. of),4207,246,,,,,,4453
2014,Netherlands,Iraq,14396,705,,,,,,15101
2014,Netherlands,Mali,19,10,,,,,,29
2014,Netherlands,Russian Federation,698,65,,,,,,763
2014,Netherlands,Somalia,18687,152,,,,,,18839
2014,Netherlands,Serbia and Kosovo (S/RES/1244 (1999)),277,121,,,,,,398
2014,Netherlands,Syrian Arab Rep.,8692,2323,,,,,,11015
2014,Poland,Afghanistan,93,*,,,,,,97
2014,Poland,Eritrea,19,*,,,,,,23
2014,Poland,Gambia,,*,,,,,,*
2014,Poland,Iran (Islamic Rep. of),18,8,,,,,,26
2014,Poland,Iraq,154,15,,,,,,169
2014,Poland,Russian Federation,14277,1011,,,,,,15288
2014,Poland,Somalia,59,*,,,,,,59
2014,Poland,Serbia and Kosovo (S/RES/1244 (1999)),*,*,,,,,,*
2014,Poland,Syrian Arab Rep.,240,34,,,,,,274
2014,Portugal,Afghanistan,10,*,,,,,,12
2014,Portugal,Eritrea,29,*,,,,,,33
2014,Portugal,Gambia,*,*,,,,,,*
2014,Portugal,Iran (Islamic Rep. of),19,5,,,,,,24
2014,Portugal,Iraq,7,*,,,,,,7
2014,Portugal,Mali,6,*,,,,,,10
2014,Portugal,Russian Federation,22,9,,,,,,31
2014,Portugal,Somalia,46,*,,,,,,49
2014,Portugal,Serbia and Kosovo (S/RES/1244 (1999)),*,*,,,,,,*
2014,Portugal,Syrian Arab Rep.,15,15,,,,,,30
2014,Sweden,Afghanistan,12090,2263,,,,,,14353
2014,Sweden,Eritrea,14107,7091,,,,,,21198
2014,Sweden,Gambia,99,113,,,,,,212
2014,Sweden,Iran (Islamic Rep. of),4152,919,,,,,,5071
2014,Sweden,Iraq,24184,2665,,,,,,26849
2014,Sweden,Mali,23,23,,,,,,46
2014,Sweden,Russian Federation,2014,818,,,,,,2832
2014,Sweden,Somalia,21189,3907,,,,,,25096
2014,Sweden,Serbia and Kosovo (S/RES/1244 (1999)),3082,2008,,,,,,5090
2014,Sweden,Syrian Arab Rep.,34285,19011,,,,,,53296